,full_text,clean_text,tokenize_text,filter_text,stem_text,sentiment,kebijakan
0,@Strategi_Bisnis Sangat tidak efektif ini coba bantuannya langsung diberikan ke petani pasti lebih efektif kok contoh pupuk organik benih dan alat alat pertanian. Saya petani gen z loh bukan lagi millenial tapi belum dapat bantuan benih ke dinas setempat ,Bisnis Sangat tidak efektif ini coba bantuannya langsung diberikan ke petani pasti lebih efektif kok contoh pupuk organik benih dan alat alat pertanian Saya petani gen z loh bukan lagi millenial tapi belum dapat bantuan benih ke dinas setempat,"['Bisnis', 'Sangat', 'tidak', 'efektif', 'ini', 'coba', 'bantuannya', 'langsung', 'diberikan', 'ke', 'petani', 'pasti', 'lebih', 'efektif', 'kok', 'contoh', 'pupuk', 'organik', 'benih', 'dan', 'alat', 'alat', 'pertanian', 'Saya', 'petani', 'gen', 'z', 'loh', 'bukan', 'lagi', 'millenial', 'tapi', 'belum', 'dapat', 'bantuan', 'benih', 'ke', 'dinas', 'setempat']","['Bisnis', 'Sangat', 'efektif', 'coba', 'bantuannya', 'langsung', 'diberikan', 'petani', 'lebih', 'efektif', 'kok', 'contoh', 'pupuk', 'organik', 'benih', 'alat', 'alat', 'pertanian', 'Saya', 'petani', 'gen', 'z', 'loh', 'bukan', 'millenial', 'bantuan', 'benih', 'dinas', 'setempat']","['bisnis', 'sangat', 'efektif', 'coba', 'bantu', 'langsung', 'beri', 'tani', 'lebih', 'efektif', 'kok', 'contoh', 'pupuk', 'organik', 'benih', 'alat', 'alat', 'tani', 'saya', 'tani', 'gen', 'z', 'loh', 'bukan', 'millenial', 'bantu', 'benih', 'dinas', 'tempat']",negative,Jatim Agro
1,@auxiliarywits Jadi petani/peternak di Indo modal bibit sendiri modal pupuk/pakan sendiri waktu pemasaran dikontrol tengkulak giliran jual pake harga sendiri dianggap jatuhin harga pasar pas gagal panen yg nanggung rugi mereka harga murah dan hasil dibuan,Jadi petanipeternak di Indo modal bibit sendiri modal pupukpakan sendiri waktu pemasaran dikontrol tengkulak giliran jual pake harga sendiri dianggap jatuhin harga pasar pas gagal panen yg nanggung rugi mereka harga murah dan hasil dibuan,"['Jadi', 'petanipeternak', 'di', 'Indo', 'modal', 'bibit', 'sendiri', 'modal', 'pupukpakan', 'sendiri', 'waktu', 'pemasaran', 'dikontrol', 'tengkulak', 'giliran', 'jual', 'pake', 'harga', 'sendiri', 'dianggap', 'jatuhin', 'harga', 'pasar', 'pas', 'gagal', 'panen', 'yg', 'nanggung', 'rugi', 'mereka', 'harga', 'murah', 'dan', 'hasil', 'dibuan']","['Jadi', 'petanipeternak', 'Indo', 'modal', 'bibit', 'sendiri', 'modal', 'pupukpakan', 'sendiri', 'waktu', 'pemasaran', 'dikontrol', 'tengkulak', 'giliran', 'jual', 'pake', 'harga', 'sendiri', 'dianggap', 'jatuhin', 'harga', 'pasar', 'pas', 'gagal', 'panen', 'yg', 'nanggung', 'rugi', 'harga', 'murah', 'hasil', 'dibuan']","['jadi', 'petanipeternak', 'indo', 'modal', 'bibit', 'sendiri', 'modal', 'pupukpakan', 'sendiri', 'waktu', 'pasar', 'kontrol', 'tengkulak', 'gilir', 'jual', 'pake', 'harga', 'sendiri', 'anggap', 'jatuhin', 'harga', 'pasar', 'pas', 'gagal', 'panen', 'yg', 'nanggung', 'rugi', 'harga', 'murah', 'hasil', 'dibuan']",positive,Jatim Agro
2,Masalah Indonesia bukan Makan Siang. Puasa 40 hari aja kita sanggup apalagi cuma makan siang. Masalah kita itu ketersediaan pupuk harga harga sembako murah sekolah murah rumah sakit murah. Itu aja.,Masalah Indonesia bukan Makan Siang Puasa  hari aja kita sanggup apalagi cuma makan siang Masalah kita itu ketersediaan pupuk harga harga sembako murah sekolah murah rumah sakit murah Itu aja,"['Masalah', 'Indonesia', 'bukan', 'Makan', 'Siang', 'Puasa', 'hari', 'aja', 'kita', 'sanggup', 'apalagi', 'cuma', 'makan', 'siang', 'Masalah', 'kita', 'itu', 'ketersediaan', 'pupuk', 'harga', 'harga', 'sembako', 'murah', 'sekolah', 'murah', 'rumah', 'sakit', 'murah', 'Itu', 'aja']","['Masalah', 'Indonesia', 'bukan', 'Makan', 'Siang', 'Puasa', 'hari', 'aja', 'sanggup', 'cuma', 'makan', 'siang', 'Masalah', 'ketersediaan', 'pupuk', 'harga', 'harga', 'sembako', 'murah', 'sekolah', 'murah', 'rumah', 'sakit', 'murah', 'Itu', 'aja']","['masalah', 'indonesia', 'bukan', 'makan', 'siang', 'puasa', 'hari', 'aja', 'sanggup', 'cuma', 'makan', 'siang', 'masalah', 'sedia', 'pupuk', 'harga', 'harga', 'sembako', 'murah', 'sekolah', 'murah', 'rumah', 'sakit', 'murah', 'itu', 'aja']",negative,Jatim Agro
3,Yang Langka: - minyak goreng - gula pasir - pupuk Yang naik harga: - daging - telor - kedelai - gas - jalan tol - Pertamax Turbo Bila ada kurang tolong ditambah bila ada salah tolong dikoreksi. Ini penting supaya pemerintah juga tau dan buat perbaikan terima kasih #Hensat,Yang Langka  minyak goreng  gula pasir  pupuk Yang naik harga  daging  telor  kedelai  gas  jalan tol  Pertamax Turbo Bila ada kurang tolong ditambah bila ada salah tolong dikoreksi Ini penting supaya pemerintah juga tau dan buat perbaikan terima kasih,"['Yang', 'Langka', 'minyak', 'goreng', 'gula', 'pasir', 'pupuk', 'Yang', 'naik', 'harga', 'daging', 'telor', 'kedelai', 'gas', 'jalan', 'tol', 'Pertamax', 'Turbo', 'Bila', 'ada', 'kurang', 'tolong', 'ditambah', 'bila', 'ada', 'salah', 'tolong', 'dikoreksi', 'Ini', 'penting', 'supaya', 'pemerintah', 'juga', 'tau', 'dan', 'buat', 'perbaikan', 'terima', 'kasih']","['Yang', 'Langka', 'minyak', 'goreng', 'gula', 'pasir', 'pupuk', 'Yang', 'naik', 'harga', 'daging', 'telor', 'kedelai', 'gas', 'jalan', 'tol', 'Pertamax', 'Turbo', 'Bila', 'kurang', 'ditambah', 'bila', 'salah', 'dikoreksi', 'Ini', 'penting', 'pemerintah', 'tau', 'buat', 'perbaikan', 'terima', 'kasih']","['yang', 'langka', 'minyak', 'goreng', 'gula', 'pasir', 'pupuk', 'yang', 'naik', 'harga', 'daging', 'telor', 'kedelai', 'gas', 'jalan', 'tol', 'pertamax', 'turbo', 'bila', 'kurang', 'tambah', 'bila', 'salah', 'koreksi', 'ini', 'penting', 'perintah', 'tau', 'buat', 'baik', 'terima', 'kasih']",positive,Jatim Agro
4,Mentan Ancam Cabut Izin Distributor jika Pupuk Subsidi Langka https://t.co/LPYn3380Sh,Mentan Ancam Cabut Izin Distributor jika Pupuk Subsidi Langka,"['Mentan', 'Ancam', 'Cabut', 'Izin', 'Distributor', 'jika', 'Pupuk', 'Subsidi', 'Langka']","['Mentan', 'Ancam', 'Cabut', 'Izin', 'Distributor', 'Pupuk', 'Subsidi', 'Langka']","['tan', 'ancam', 'cabut', 'izin', 'distributor', 'pupuk', 'subsidi', 'langka']",positive,Jatim Agro
5,Menteri Zulkifli Hasan menyoroti rumitnya birokrasi distribusi pupuk subsidi di Indonesia yang melibatkan banyak kementerian dan berisiko hukum bagi pejabat. https://t.co/4bYMzhU8ss,Menteri Zulkifli Hasan menyoroti rumitnya birokrasi distribusi pupuk subsidi di Indonesia yang melibatkan banyak kementerian dan berisiko hukum bagi pejabat,"['Menteri', 'Zulkifli', 'Hasan', 'menyoroti', 'rumitnya', 'birokrasi', 'distribusi', 'pupuk', 'subsidi', 'di', 'Indonesia', 'yang', 'melibatkan', 'banyak', 'kementerian', 'dan', 'berisiko', 'hukum', 'bagi', 'pejabat']","['Menteri', 'Zulkifli', 'Hasan', 'menyoroti', 'rumitnya', 'birokrasi', 'distribusi', 'pupuk', 'subsidi', 'Indonesia', 'melibatkan', 'banyak', 'kementerian', 'berisiko', 'hukum', 'pejabat']","['menteri', 'zulkifli', 'hasan', 'sorot', 'rumit', 'birokrasi', 'distribusi', 'pupuk', 'subsidi', 'indonesia', 'libat', 'banyak', 'menteri', 'risiko', 'hukum', 'jabat']",positive,Jatim Agro
6,@maureen_hdc @V3g3L Saya sbagai kios pupuk subsidi daerah sumut dibebankan retribusi dri polres 5rb/karung dan harus dibayarkan dri berapa banyak jumlah yg kios tebus.,hdc  Saya sbagai kios pupuk subsidi daerah sumut dibebankan retribusi dri polres rbkarung dan harus dibayarkan dri berapa banyak jumlah yg kios tebus,"['hdc', 'Saya', 'sbagai', 'kios', 'pupuk', 'subsidi', 'daerah', 'sumut', 'dibebankan', 'retribusi', 'dri', 'polres', 'rbkarung', 'dan', 'harus', 'dibayarkan', 'dri', 'berapa', 'banyak', 'jumlah', 'yg', 'kios', 'tebus']","['hdc', 'Saya', 'sbagai', 'kios', 'pupuk', 'subsidi', 'daerah', 'sumut', 'dibebankan', 'retribusi', 'dri', 'polres', 'rbkarung', 'dibayarkan', 'dri', 'berapa', 'banyak', 'jumlah', 'yg', 'kios', 'tebus']","['hdc', 'saya', 'sbagai', 'kios', 'pupuk', 'subsidi', 'daerah', 'sumut', 'beban', 'retribusi', 'dri', 'polres', 'rbkarung', 'bayar', 'dri', 'berapa', 'banyak', 'jumlah', 'yg', 'kios', 'tebus']",positive,Jatim Agro
7,PIUneer Dalam rangka memperingati Hari Pahlawan 10 November PI Utilitas menggelar upacara di GGCP sebagai wujud penghormatan terhadap jasa para pahlawan yang telah memperjuangkan bangsa ini. #PIUtilitas #GreaterThanEver https://t.co/gI3hocLKSw,PIUneer Dalam rangka memperingati Hari Pahlawan  November PI Utilitas menggelar upacara di GGCP sebagai wujud penghormatan terhadap jasa para pahlawan yang telah memperjuangkan bangsa ini,"['PIUneer', 'Dalam', 'rangka', 'memperingati', 'Hari', 'Pahlawan', 'November', 'PI', 'Utilitas', 'menggelar', 'upacara', 'di', 'GGCP', 'sebagai', 'wujud', 'penghormatan', 'terhadap', 'jasa', 'para', 'pahlawan', 'yang', 'telah', 'memperjuangkan', 'bangsa', 'ini']","['PIUneer', 'Dalam', 'rangka', 'memperingati', 'Hari', 'Pahlawan', 'November', 'PI', 'Utilitas', 'menggelar', 'upacara', 'GGCP', 'wujud', 'penghormatan', 'jasa', 'pahlawan', 'memperjuangkan', 'bangsa']","['piuneer', 'dalam', 'rangka', 'ingat', 'hari', 'pahlawan', 'november', 'pi', 'utilitas', 'gelar', 'upacara', 'ggcp', 'wujud', 'hormat', 'jasa', 'pahlawan', 'juang', 'bangsa']",positive,Jatim Agro
8,@jmazeey Kasian ikannya keracunan pupuk pestisida,Kasian ikannya keracunan pupuk pestisida,"['Kasian', 'ikannya', 'keracunan', 'pupuk', 'pestisida']","['Kasian', 'ikannya', 'keracunan', 'pupuk', 'pestisida']","['kasi', 'ikan', 'racun', 'pupuk', 'pestisida']",negative,Jatim Agro
9,@gungbaster Sama kek tomat gw pas harga anjlok tahun kemarin. Enak aja pd nyocot disumbanginlah ke panti asuhan dll. Najis!!! Mendingan digiles rotari wae dilahan jd pupuk. Disumbangin mlh bikin harga tambah hancur.,Sama kek tomat gw pas harga anjlok tahun kemarin Enak aja pd nyocot disumbanginlah ke panti asuhan dll Najis Mendingan digiles rotari wae dilahan jd pupuk Disumbangin mlh bikin harga tambah hancur,"['Sama', 'kek', 'tomat', 'gw', 'pas', 'harga', 'anjlok', 'tahun', 'kemarin', 'Enak', 'aja', 'pd', 'nyocot', 'disumbanginlah', 'ke', 'panti', 'asuhan', 'dll', 'Najis', 'Mendingan', 'digiles', 'rotari', 'wae', 'dilahan', 'jd', 'pupuk', 'Disumbangin', 'mlh', 'bikin', 'harga', 'tambah', 'hancur']","['Sama', 'kek', 'tomat', 'gw', 'pas', 'harga', 'anjlok', 'tahun', 'kemarin', 'Enak', 'aja', 'pd', 'nyocot', 'disumbanginlah', 'panti', 'asuhan', 'Najis', 'Mendingan', 'digiles', 'rotari', 'wae', 'dilahan', 'jd', 'pupuk', 'Disumbangin', 'mlh', 'bikin', 'harga', 'tambah', 'hancur']","['sama', 'kek', 'tomat', 'gw', 'pas', 'harga', 'anjlok', 'tahun', 'kemarin', 'enak', 'aja', 'pd', 'nyocot', 'disumbanginlah', 'panti', 'asuh', 'najis', 'mending', 'digiles', 'rotari', 'wae', 'lah', 'jd', 'pupuk', 'disumbangin', 'mlh', 'bikin', 'harga', 'tambah', 'hancur']",negative,Jatim Agro
10,#PupukIndonesia #MemupukMasaDepan #GAIA,,[],[],[],positive,Jatim Agro
11,@senjatanuklir - Amish pecah dari Mennonites tahun 1600s. Mennonites boleh pakai teknologi (mobil hp) Amish tidak. - Bahasa yang dipakai adalah Pennsylvania Dutch. - Pertanian tanpa pestisida &amp,Amish pecah dari Mennonites tahun s Mennonites boleh pakai teknologi mobil hp Amish tidak  Bahasa yang dipakai adalah Pennsylvania Dutch  Pertanian tanpa pestisida,"['Amish', 'pecah', 'dari', 'Mennonites', 'tahun', 's', 'Mennonites', 'boleh', 'pakai', 'teknologi', 'mobil', 'hp', 'Amish', 'tidak', 'Bahasa', 'yang', 'dipakai', 'adalah', 'Pennsylvania', 'Dutch', 'Pertanian', 'tanpa', 'pestisida']","['Amish', 'pecah', 'Mennonites', 'tahun', 's', 'Mennonites', 'pakai', 'teknologi', 'mobil', 'hp', 'Amish', 'Bahasa', 'dipakai', 'Pennsylvania', 'Dutch', 'Pertanian', 'pestisida']","['amish', 'pecah', 'mennonites', 'tahun', 's', 'mennonites', 'pakai', 'teknologi', 'mobil', 'hp', 'amish', 'bahasa', 'pakai', 'pennsylvania', 'dutch', 'tani', 'pestisida']",positive,Jatim Agro
12,@lulukhamidah Pr buat gubernur Jatim. 1. Pupuk mahal dan susah didapat 2. Guru guru swasta upahnya harus diperhatikan,Pr buat gubernur Jatim  Pupuk mahal dan susah didapat  Guru guru swasta upahnya harus diperhatikan,"['Pr', 'buat', 'gubernur', 'Jatim', 'Pupuk', 'mahal', 'dan', 'susah', 'didapat', 'Guru', 'guru', 'swasta', 'upahnya', 'harus', 'diperhatikan']","['Pr', 'buat', 'gubernur', 'Jatim', 'Pupuk', 'mahal', 'susah', 'didapat', 'Guru', 'guru', 'swasta', 'upahnya', 'diperhatikan']","['pr', 'buat', 'gubernur', 'jatim', 'pupuk', 'mahal', 'susah', 'dapat', 'guru', 'guru', 'swasta', 'upah', 'perhati']",negative,Jatim Agro
13,Pupuk Indonesia: Proyek Hybrid Green Ammonia Pertama Dunia Akan Dibangun di Indonesia https://t.co/LryaggtMPp,Pupuk Indonesia Proyek Hybrid Green Ammonia Pertama Dunia Akan Dibangun di Indonesia,"['Pupuk', 'Indonesia', 'Proyek', 'Hybrid', 'Green', 'Ammonia', 'Pertama', 'Dunia', 'Akan', 'Dibangun', 'di', 'Indonesia']","['Pupuk', 'Indonesia', 'Proyek', 'Hybrid', 'Green', 'Ammonia', 'Pertama', 'Dunia', 'Akan', 'Dibangun', 'Indonesia']","['pupuk', 'indonesia', 'proyek', 'hybrid', 'green', 'ammonia', 'pertama', 'dunia', 'akan', 'bangun', 'indonesia']",positive,Jatim Agro
14,SATGAS YONIF 741/GN POS MAHEN SOSIALISASIKAN PUPUK KOMPOS DAN KERIPIK PISANG KEPADA MASYARAKAT PERBATASAN RI-RDTL DISIPLIN-TANGGUNG JAWAB-SETIA KAWAN . #TNIPRIMA #puspentni #tni_angkatan_darat #Infanteri #kodam_ix_udayana #korem163wirasatya #korem161wirasakti #yonif741gn https://t.co/Ki07kKsFWE,SATGAS YONIF GN POS MAHEN SOSIALISASIKAN PUPUK KOMPOS DAN KERIPIK PISANG KEPADA MASYARAKAT PERBATASAN RIRDTL DISIPLINTANGGUNG JAWABSETIA KAWAN    angkatandarat  ixudayana,"['SATGAS', 'YONIF', 'GN', 'POS', 'MAHEN', 'SOSIALISASIKAN', 'PUPUK', 'KOMPOS', 'DAN', 'KERIPIK', 'PISANG', 'KEPADA', 'MASYARAKAT', 'PERBATASAN', 'RIRDTL', 'DISIPLINTANGGUNG', 'JAWABSETIA', 'KAWAN', 'angkatandarat', 'ixudayana']","['SATGAS', 'YONIF', 'GN', 'POS', 'MAHEN', 'SOSIALISASIKAN', 'PUPUK', 'KOMPOS', 'DAN', 'KERIPIK', 'PISANG', 'KEPADA', 'MASYARAKAT', 'PERBATASAN', 'RIRDTL', 'DISIPLINTANGGUNG', 'JAWABSETIA', 'KAWAN', 'angkatandarat', 'ixudayana']","['satgas', 'yonif', 'gn', 'pos', 'mahen', 'sosialisasi', 'pupuk', 'kompos', 'dan', 'keripik', 'pisang', 'kepada', 'masyarakat', 'batas', 'rirdtl', 'disiplintanggung', 'jawabsetia', 'kawan', 'angkatandarat', 'ixudayana']",positive,Jatim Agro
15,Menarik cerita petani bhw sblm pilpres ada pembagian pupuk dg harga khusus Rp 50.000 per zak padahal harga sebenarnya Rp 300.000 dg cara menyetor foto copy KTP. Tiap KTP mendapat 1 zak,Menarik cerita petani bhw sblm pilpres ada pembagian pupuk dg harga khusus Rp  per zak padahal harga sebenarnya Rp  dg cara menyetor foto copy KTP Tiap KTP mendapat  zak,"['Menarik', 'cerita', 'petani', 'bhw', 'sblm', 'pilpres', 'ada', 'pembagian', 'pupuk', 'dg', 'harga', 'khusus', 'Rp', 'per', 'zak', 'padahal', 'harga', 'sebenarnya', 'Rp', 'dg', 'cara', 'menyetor', 'foto', 'copy', 'KTP', 'Tiap', 'KTP', 'mendapat', 'zak']","['Menarik', 'cerita', 'petani', 'bhw', 'sblm', 'pilpres', 'pembagian', 'pupuk', 'dg', 'harga', 'khusus', 'Rp', 'per', 'zak', 'padahal', 'harga', 'sebenarnya', 'Rp', 'dg', 'cara', 'menyetor', 'foto', 'copy', 'KTP', 'Tiap', 'KTP', 'mendapat', 'zak']","['tarik', 'cerita', 'tani', 'bhw', 'sblm', 'pilpres', 'bagi', 'pupuk', 'dg', 'harga', 'khusus', 'rp', 'per', 'zak', 'padahal', 'harga', 'benar', 'rp', 'dg', 'cara', 'setor', 'foto', 'copy', 'ktp', 'tiap', 'ktp', 'dapat', 'zak']",positive,Jatim Agro
16,Polisi Bongkar Praktik Penjualan Pupuk Subsidi Ilegal 2 8 Ton Pupuk Diamankan #BNetwork https://t.co/h0CpOHMEsB,Polisi Bongkar Praktik Penjualan Pupuk Subsidi Ilegal   Ton Pupuk Diamankan,"['Polisi', 'Bongkar', 'Praktik', 'Penjualan', 'Pupuk', 'Subsidi', 'Ilegal', 'Ton', 'Pupuk', 'Diamankan']","['Polisi', 'Bongkar', 'Praktik', 'Penjualan', 'Pupuk', 'Subsidi', 'Ilegal', 'Ton', 'Pupuk', 'Diamankan']","['polisi', 'bongkar', 'praktik', 'jual', 'pupuk', 'subsidi', 'ilegal', 'ton', 'pupuk', 'aman']",positive,Jatim Agro
17,Kalo fix ini altseason,Kalo fix ini altseason,"['Kalo', 'fix', 'ini', 'altseason']","['Kalo', 'fix', 'altseason']","['kalo', 'fix', 'altseason']",negative,Jatim Agro
18,Petani di Kepulauan Nias menghadapi berbagai tantangan. Diantaranya kesulitan dalam memperoleh pupuk fluktuasi harga panen dan kurangnya pengetahuan dalam pengendalian hama. Sementara itu peternak kesulitan dalam mengatasi penyakit ternak dan ketersediaan pakan. Dari diskusi https://t.co/9kuSCi661i,Petani di Kepulauan Nias menghadapi berbagai tantangan Diantaranya kesulitan dalam memperoleh pupuk fluktuasi harga panen dan kurangnya pengetahuan dalam pengendalian hama Sementara itu peternak kesulitan dalam mengatasi penyakit ternak dan ketersediaan pakan Dari diskusi,"['Petani', 'di', 'Kepulauan', 'Nias', 'menghadapi', 'berbagai', 'tantangan', 'Diantaranya', 'kesulitan', 'dalam', 'memperoleh', 'pupuk', 'fluktuasi', 'harga', 'panen', 'dan', 'kurangnya', 'pengetahuan', 'dalam', 'pengendalian', 'hama', 'Sementara', 'itu', 'peternak', 'kesulitan', 'dalam', 'mengatasi', 'penyakit', 'ternak', 'dan', 'ketersediaan', 'pakan', 'Dari', 'diskusi']","['Petani', 'Kepulauan', 'Nias', 'menghadapi', 'berbagai', 'tantangan', 'Diantaranya', 'kesulitan', 'memperoleh', 'pupuk', 'fluktuasi', 'harga', 'panen', 'kurangnya', 'pengetahuan', 'pengendalian', 'hama', 'Sementara', 'peternak', 'kesulitan', 'mengatasi', 'penyakit', 'ternak', 'ketersediaan', 'pakan', 'Dari', 'diskusi']","['tani', 'pulau', 'nias', 'hadap', 'bagai', 'tantang', 'antara', 'sulit', 'oleh', 'pupuk', 'fluktuasi', 'harga', 'panen', 'kurang', 'tahu', 'kendali', 'hama', 'sementara', 'ternak', 'sulit', 'atas', 'sakit', 'ternak', 'sedia', 'pakan', 'dari', 'diskusi']",positive,Jatim Agro
19,Hujatan haters bagaikan pupuk kandang yg akan membuat prestasimu berkembang dan tumbuh dengan subur #AryaSalokainFFB2024 https://t.co/sCssEKjHn7,Hujatan haters bagaikan pupuk kandang yg akan membuat prestasimu berkembang dan tumbuh dengan subur,"['Hujatan', 'haters', 'bagaikan', 'pupuk', 'kandang', 'yg', 'akan', 'membuat', 'prestasimu', 'berkembang', 'dan', 'tumbuh', 'dengan', 'subur']","['Hujatan', 'haters', 'bagaikan', 'pupuk', 'kandang', 'yg', 'membuat', 'prestasimu', 'berkembang', 'tumbuh', 'subur']","['hujat', 'haters', 'bagai', 'pupuk', 'kandang', 'yg', 'buat', 'prestasi', 'kembang', 'tumbuh', 'subur']",negative,Jatim Agro
20,Warga ugm_fess dari fapet atau temen-temen lainnya adakah yang tau cara mengolah kotoran burung jadi pupuk? Papahku kicau kenari mania terus kotoran burungnya dikumpulin mau dijadiin pupuk tapi bingung ngolahnya gimana. Makasi gais ,Warga ugmfess dari fapet atau tementemen lainnya adakah yang tau cara mengolah kotoran burung jadi pupuk Papahku kicau kenari mania terus kotoran burungnya dikumpulin mau dijadiin pupuk tapi bingung ngolahnya gimana Makasi gais,"['Warga', 'ugmfess', 'dari', 'fapet', 'atau', 'tementemen', 'lainnya', 'adakah', 'yang', 'tau', 'cara', 'mengolah', 'kotoran', 'burung', 'jadi', 'pupuk', 'Papahku', 'kicau', 'kenari', 'mania', 'terus', 'kotoran', 'burungnya', 'dikumpulin', 'mau', 'dijadiin', 'pupuk', 'tapi', 'bingung', 'ngolahnya', 'gimana', 'Makasi', 'gais']","['Warga', 'ugmfess', 'fapet', 'tementemen', 'lainnya', 'adakah', 'tau', 'cara', 'mengolah', 'kotoran', 'burung', 'jadi', 'pupuk', 'Papahku', 'kicau', 'kenari', 'mania', 'terus', 'kotoran', 'burungnya', 'dikumpulin', 'mau', 'dijadiin', 'pupuk', 'bingung', 'ngolahnya', 'gimana', 'Makasi', 'gais']","['warga', 'ugmfess', 'fapet', 'tementemen', 'lain', 'ada', 'tau', 'cara', 'olah', 'kotor', 'burung', 'jadi', 'pupuk', 'papah', 'kicau', 'kenari', 'mania', 'terus', 'kotor', 'burung', 'dikumpulin', 'mau', 'dijadiin', 'pupuk', 'bingung', 'ngolahnya', 'gimana', 'makas', 'gais']",negative,Jatim Agro
21,Pemerintah juga memperhatikan kenaikan harga pupuk. Untuk pupuk subsidi pemerintah akan membatasinya pada pupuk urea dan NPK. Saya berharap segenap bantuan dan subsidi tersebut dapat tepat sasaran.,Pemerintah juga memperhatikan kenaikan harga pupuk Untuk pupuk subsidi pemerintah akan membatasinya pada pupuk urea dan NPK Saya berharap segenap bantuan dan subsidi tersebut dapat tepat sasaran,"['Pemerintah', 'juga', 'memperhatikan', 'kenaikan', 'harga', 'pupuk', 'Untuk', 'pupuk', 'subsidi', 'pemerintah', 'akan', 'membatasinya', 'pada', 'pupuk', 'urea', 'dan', 'NPK', 'Saya', 'berharap', 'segenap', 'bantuan', 'dan', 'subsidi', 'tersebut', 'dapat', 'tepat', 'sasaran']","['Pemerintah', 'memperhatikan', 'kenaikan', 'harga', 'pupuk', 'Untuk', 'pupuk', 'subsidi', 'pemerintah', 'membatasinya', 'pupuk', 'urea', 'NPK', 'Saya', 'berharap', 'segenap', 'bantuan', 'subsidi', 'tersebut', 'tepat', 'sasaran']","['perintah', 'perhati', 'naik', 'harga', 'pupuk', 'untuk', 'pupuk', 'subsidi', 'perintah', 'batas', 'pupuk', 'urea', 'npk', 'saya', 'harap', 'segenap', 'bantu', 'subsidi', 'sebut', 'tepat', 'sasar']",positive,Jatim Agro
22,@V3g3L Buktikan Pak. Soalnya ini modus sdh lma skli. Bhkn pupuk sub. Aja klo mau ambil di klompok tani d mintain 1000-3000/kg. Mau lpor siapa ? Kdes camat bupati ? G mngkn d rspon mrka itukan kyk komplotan Klo ktahuan ngadu bsk2 g dpt pupk subsdi. Lg.,Buktikan Pak Soalnya ini modus sdh lma skli Bhkn pupuk sub Aja klo mau ambil di klompok tani d mintain kg Mau lpor siapa  Kdes camat bupati  G mngkn d rspon mrka itukan kyk komplotan Klo ktahuan ngadu bsk g dpt pupk subsdi Lg,"['Buktikan', 'Pak', 'Soalnya', 'ini', 'modus', 'sdh', 'lma', 'skli', 'Bhkn', 'pupuk', 'sub', 'Aja', 'klo', 'mau', 'ambil', 'di', 'klompok', 'tani', 'd', 'mintain', 'kg', 'Mau', 'lpor', 'siapa', 'Kdes', 'camat', 'bupati', 'G', 'mngkn', 'd', 'rspon', 'mrka', 'itukan', 'kyk', 'komplotan', 'Klo', 'ktahuan', 'ngadu', 'bsk', 'g', 'dpt', 'pupk', 'subsdi', 'Lg']","['Buktikan', 'Pak', 'Soalnya', 'modus', 'sdh', 'lma', 'skli', 'Bhkn', 'pupuk', 'sub', 'Aja', 'klo', 'mau', 'ambil', 'klompok', 'tani', 'd', 'mintain', 'kg', 'Mau', 'lpor', 'siapa', 'Kdes', 'camat', 'bupati', 'G', 'mngkn', 'd', 'rspon', 'mrka', 'itukan', 'kyk', 'komplotan', 'Klo', 'ktahuan', 'ngadu', 'bsk', 'g', 'dpt', 'pupk', 'subsdi', 'Lg']","['bukti', 'pak', 'soal', 'modus', 'sdh', 'lma', 'skli', 'bhkn', 'pupuk', 'sub', 'aja', 'klo', 'mau', 'ambil', 'klompok', 'tani', 'd', 'mintain', 'kg', 'mau', 'lpor', 'siapa', 'kdes', 'camat', 'bupati', 'g', 'mngkn', 'd', 'rspon', 'mrka', 'itu', 'kyk', 'komplot', 'klo', 'ktahuan', 'ngadu', 'bsk', 'g', 'dpt', 'pupk', 'subsdi', 'lg']",negative,Jatim Agro
23,Pupuk sangat politis. Terutama di desa. Kuota dikuasai para politisi dan aparat desa. Bekerjasama dengan 'calo'. Di posko gak ada tapi di mereka selalu ada. Ketua gapoktan-nya seringkali macul saja gak bisa. Oleh karenanya aing geus teu paduli. Kumaha tangkurakna wae lah.,Pupuk sangat politis Terutama di desa Kuota dikuasai para politisi dan aparat desa Bekerjasama dengan calo Di posko gak ada tapi di mereka selalu ada Ketua gapoktannya seringkali macul saja gak bisa Oleh karenanya aing geus teu paduli Kumaha tangkurakna wae lah,"['Pupuk', 'sangat', 'politis', 'Terutama', 'di', 'desa', 'Kuota', 'dikuasai', 'para', 'politisi', 'dan', 'aparat', 'desa', 'Bekerjasama', 'dengan', 'calo', 'Di', 'posko', 'gak', 'ada', 'tapi', 'di', 'mereka', 'selalu', 'ada', 'Ketua', 'gapoktannya', 'seringkali', 'macul', 'saja', 'gak', 'bisa', 'Oleh', 'karenanya', 'aing', 'geus', 'teu', 'paduli', 'Kumaha', 'tangkurakna', 'wae', 'lah']","['Pupuk', 'sangat', 'politis', 'Terutama', 'desa', 'Kuota', 'dikuasai', 'politisi', 'aparat', 'desa', 'Bekerjasama', 'calo', 'Di', 'posko', 'gak', 'selalu', 'Ketua', 'gapoktannya', 'seringkali', 'macul', 'gak', 'Oleh', 'karenanya', 'aing', 'geus', 'teu', 'paduli', 'Kumaha', 'tangkurakna', 'wae', 'lah']","['pupuk', 'sangat', 'politis', 'utama', 'desa', 'kuota', 'asai', 'politis', 'aparat', 'desa', 'bekerjasama', 'calo', 'di', 'posko', 'gak', 'selalu', 'ketua', 'gapoktannya', 'seringkali', 'macul', 'gak', 'oleh', 'karena', 'aing', 'geus', 'teu', 'paduli', 'maha', 'tangkurakna', 'wae', 'lah']",negative,Jatim Agro
24,apa yang kamu tanaman dan pupuk kelak kan tumbuh lalu berbunga. https://t.co/qLgZBb9mMA,apa yang kamu tanaman dan pupuk kelak kan tumbuh lalu berbunga,"['apa', 'yang', 'kamu', 'tanaman', 'dan', 'pupuk', 'kelak', 'kan', 'tumbuh', 'lalu', 'berbunga']","['apa', 'kamu', 'tanaman', 'pupuk', 'kelak', 'kan', 'tumbuh', 'lalu', 'berbunga']","['apa', 'kamu', 'tanam', 'pupuk', 'kelak', 'kan', 'tumbuh', 'lalu', 'bunga']",positive,Jatim Agro
25,@awank2017 Mungkin pupuk semangkanya gak pake taik babi makannya dibuat halal,Mungkin pupuk semangkanya gak pake taik babi makannya dibuat halal,"['Mungkin', 'pupuk', 'semangkanya', 'gak', 'pake', 'taik', 'babi', 'makannya', 'dibuat', 'halal']","['Mungkin', 'pupuk', 'semangkanya', 'gak', 'pake', 'taik', 'babi', 'makannya', 'dibuat', 'halal']","['mungkin', 'pupuk', 'semangka', 'gak', 'pake', 'taik', 'babi', 'makan', 'buat', 'halal']",positive,Jatim Agro
26,@critaXsena @tanyakanrl Kamu cocok jadi sales pupuk kandang. Bisa langsung kerja besok?,Kamu cocok jadi sales pupuk kandang Bisa langsung kerja besok,"['Kamu', 'cocok', 'jadi', 'sales', 'pupuk', 'kandang', 'Bisa', 'langsung', 'kerja', 'besok']","['Kamu', 'cocok', 'jadi', 'sales', 'pupuk', 'kandang', 'Bisa', 'langsung', 'kerja', 'besok']","['kamu', 'cocok', 'jadi', 'sales', 'pupuk', 'kandang', 'bisa', 'langsung', 'kerja', 'besok']",positive,Jatim Agro
27,@ucildaily gendut banget jadiin pupuk tambahan aja itu,gendut banget jadiin pupuk tambahan aja itu,"['gendut', 'banget', 'jadiin', 'pupuk', 'tambahan', 'aja', 'itu']","['gendut', 'banget', 'jadiin', 'pupuk', 'tambahan', 'aja']","['gendut', 'banget', 'jadiin', 'pupuk', 'tambah', 'aja']",negative,Jatim Agro
28,oke fix kayaknya nanti bakalan berkeliaran dirumah sambil tutup mulut ga kuat anjir sama bau nya gila ajaa mana bapak jadi panitia nambah anjir. dibawa plg juga dong isian perut sapi yg bentuk rumput mau dipake pupuk gara aku suka nanem bunga ,oke fix kayaknya nanti bakalan berkeliaran dirumah sambil tutup mulut ga kuat anjir sama bau nya gila ajaa mana bapak jadi panitia nambah anjir dibawa plg juga dong isian perut sapi yg bentuk rumput mau dipake pupuk gara aku suka nanem bunga,"['oke', 'fix', 'kayaknya', 'nanti', 'bakalan', 'berkeliaran', 'dirumah', 'sambil', 'tutup', 'mulut', 'ga', 'kuat', 'anjir', 'sama', 'bau', 'nya', 'gila', 'ajaa', 'mana', 'bapak', 'jadi', 'panitia', 'nambah', 'anjir', 'dibawa', 'plg', 'juga', 'dong', 'isian', 'perut', 'sapi', 'yg', 'bentuk', 'rumput', 'mau', 'dipake', 'pupuk', 'gara', 'aku', 'suka', 'nanem', 'bunga']","['oke', 'fix', 'kayaknya', 'bakalan', 'berkeliaran', 'dirumah', 'tutup', 'mulut', 'ga', 'kuat', 'anjir', 'sama', 'bau', 'nya', 'gila', 'ajaa', 'mana', 'bapak', 'jadi', 'panitia', 'nambah', 'anjir', 'dibawa', 'plg', 'dong', 'isian', 'perut', 'sapi', 'yg', 'bentuk', 'rumput', 'mau', 'dipake', 'pupuk', 'gara', 'aku', 'suka', 'nanem', 'bunga']","['oke', 'fix', 'kayak', 'bakal', 'liar', 'rumah', 'tutup', 'mulut', 'ga', 'kuat', 'anjir', 'sama', 'bau', 'nya', 'gila', 'ajaa', 'mana', 'bapak', 'jadi', 'panitia', 'nambah', 'anjir', 'bawa', 'plg', 'dong', 'isi', 'perut', 'sapi', 'yg', 'bentuk', 'rumput', 'mau', 'dipake', 'pupuk', 'gara', 'aku', 'suka', 'nanem', 'bunga']",negative,Jatim Agro
29,@ethadisaputra Ikut nanam tidak ikut ngasih makan tidak ikut melihara tidak pakan mahal pupuk malah panen di pungut pajak..dagelan,Ikut nanam tidak ikut ngasih makan tidak ikut melihara tidak pakan mahal pupuk malah panen di pungut pajakdagelan,"['Ikut', 'nanam', 'tidak', 'ikut', 'ngasih', 'makan', 'tidak', 'ikut', 'melihara', 'tidak', 'pakan', 'mahal', 'pupuk', 'malah', 'panen', 'di', 'pungut', 'pajakdagelan']","['Ikut', 'nanam', 'ikut', 'ngasih', 'makan', 'ikut', 'melihara', 'pakan', 'mahal', 'pupuk', 'malah', 'panen', 'pungut', 'pajakdagelan']","['ikut', 'nanam', 'ikut', 'ngasih', 'makan', 'ikut', 'melihara', 'pakan', 'mahal', 'pupuk', 'malah', 'panen', 'pungut', 'pajakdagelan']",negative,Jatim Agro
30,Saat pidato katakan akan bela petani dan tdk akan impor beras klean tepuk tangan. Saat umumkan akan impor beras klean juga tepuk tangan. Saat harga gabah petani anjlok klean diam. Saat petani kesulitan dapat pupuk klean diam. Klean masih waras ?,Saat pidato katakan akan bela petani dan tdk akan impor beras klean tepuk tangan Saat umumkan akan impor beras klean juga tepuk tangan Saat harga gabah petani anjlok klean diam Saat petani kesulitan dapat pupuk klean diam Klean masih waras,"['Saat', 'pidato', 'katakan', 'akan', 'bela', 'petani', 'dan', 'tdk', 'akan', 'impor', 'beras', 'klean', 'tepuk', 'tangan', 'Saat', 'umumkan', 'akan', 'impor', 'beras', 'klean', 'juga', 'tepuk', 'tangan', 'Saat', 'harga', 'gabah', 'petani', 'anjlok', 'klean', 'diam', 'Saat', 'petani', 'kesulitan', 'dapat', 'pupuk', 'klean', 'diam', 'Klean', 'masih', 'waras']","['Saat', 'pidato', 'katakan', 'bela', 'petani', 'tdk', 'impor', 'beras', 'klean', 'tepuk', 'tangan', 'Saat', 'umumkan', 'impor', 'beras', 'klean', 'tepuk', 'tangan', 'Saat', 'harga', 'gabah', 'petani', 'anjlok', 'klean', 'diam', 'Saat', 'petani', 'kesulitan', 'pupuk', 'klean', 'diam', 'Klean', 'waras']","['saat', 'pidato', 'kata', 'bela', 'tani', 'tdk', 'impor', 'beras', 'klean', 'tepuk', 'tangan', 'saat', 'umum', 'impor', 'beras', 'klean', 'tepuk', 'tangan', 'saat', 'harga', 'gabah', 'tani', 'anjlok', 'klean', 'diam', 'saat', 'tani', 'sulit', 'pupuk', 'klean', 'diam', 'klean', 'waras']",negative,Jatim Agro
31,Turut menanam padi sekedar ingin merasakan dan kebetulan musim tandur yg dihasilkan / diambil dari para petani adalah keluh kesah mereka tentang sulit dan mahalnya pengadaan pupuk meningkatkan hasil produksi dan menjaga harga disaat panen raya. #JatengBerSATU #JatengPerkasa https://t.co/ZTJX7Ar6SU,Turut menanam padi sekedar ingin merasakan dan kebetulan musim tandur yg dihasilkan  diambil dari para petani adalah keluh kesah mereka tentang sulit dan mahalnya pengadaan pupuk meningkatkan hasil produksi dan menjaga harga disaat panen raya,"['Turut', 'menanam', 'padi', 'sekedar', 'ingin', 'merasakan', 'dan', 'kebetulan', 'musim', 'tandur', 'yg', 'dihasilkan', 'diambil', 'dari', 'para', 'petani', 'adalah', 'keluh', 'kesah', 'mereka', 'tentang', 'sulit', 'dan', 'mahalnya', 'pengadaan', 'pupuk', 'meningkatkan', 'hasil', 'produksi', 'dan', 'menjaga', 'harga', 'disaat', 'panen', 'raya']","['Turut', 'menanam', 'padi', 'sekedar', 'merasakan', 'kebetulan', 'musim', 'tandur', 'yg', 'dihasilkan', 'diambil', 'petani', 'keluh', 'kesah', 'sulit', 'mahalnya', 'pengadaan', 'pupuk', 'meningkatkan', 'hasil', 'produksi', 'menjaga', 'harga', 'disaat', 'panen', 'raya']","['turut', 'tanam', 'padi', 'dar', 'rasa', 'betul', 'musim', 'tandur', 'yg', 'hasil', 'ambil', 'tani', 'keluh', 'kesah', 'sulit', 'mahal', 'ada', 'pupuk', 'tingkat', 'hasil', 'produksi', 'jaga', 'harga', 'saat', 'panen', 'raya']",positive,Jatim Agro
32,@Jateng_Twit Pantes di pasar tradisional (Solo) harga wortel 8rb/kg. Kaget pas kemarin beli kok murah banget ternyata harga di petani anjlok banget :( Padahal perlu pupuk tenaga biaya panen tanam dll,Twit Pantes di pasar tradisional Solo harga wortel rbkg Kaget pas kemarin beli kok murah banget ternyata harga di petani anjlok banget  Padahal perlu pupuk tenaga biaya panen tanam dll,"['Twit', 'Pantes', 'di', 'pasar', 'tradisional', 'Solo', 'harga', 'wortel', 'rbkg', 'Kaget', 'pas', 'kemarin', 'beli', 'kok', 'murah', 'banget', 'ternyata', 'harga', 'di', 'petani', 'anjlok', 'banget', 'Padahal', 'perlu', 'pupuk', 'tenaga', 'biaya', 'panen', 'tanam', 'dll']","['Twit', 'Pantes', 'pasar', 'tradisional', 'Solo', 'harga', 'wortel', 'rbkg', 'Kaget', 'pas', 'kemarin', 'beli', 'kok', 'murah', 'banget', 'ternyata', 'harga', 'petani', 'anjlok', 'banget', 'Padahal', 'perlu', 'pupuk', 'tenaga', 'biaya', 'panen', 'tanam']","['twit', 'pantes', 'pasar', 'tradisional', 'solo', 'harga', 'wortel', 'rbkg', 'kaget', 'pas', 'kemarin', 'beli', 'kok', 'murah', 'banget', 'nyata', 'harga', 'tani', 'anjlok', 'banget', 'padahal', 'perlu', 'pupuk', 'tenaga', 'biaya', 'panen', 'tanam']",negative,Jatim Agro
